-- phpMyAdmin SQL Dump
-- version 4.8.0
-- https://www.phpmyadmin.net/
--
-- Host: 127.0.0.1
-- Generation Time: May 24, 2018 at 06:18 PM
-- Server version: 10.1.31-MariaDB
-- PHP Version: 7.2.4

SET SQL_MODE = "NO_AUTO_VALUE_ON_ZERO";
SET AUTOCOMMIT = 0;
START TRANSACTION;
SET time_zone = "+00:00";


/*!40101 SET @OLD_CHARACTER_SET_CLIENT=@@CHARACTER_SET_CLIENT */;
/*!40101 SET @OLD_CHARACTER_SET_RESULTS=@@CHARACTER_SET_RESULTS */;
/*!40101 SET @OLD_COLLATION_CONNECTION=@@COLLATION_CONNECTION */;
/*!40101 SET NAMES utf8mb4 */;

--
-- Database: `powergrid`
--

-- --------------------------------------------------------

--
-- Table structure for table `batteries`
--

CREATE TABLE `batteries` (
  `id` int(11) NOT NULL,
  `userid` int(11) NOT NULL,
  `name` text NOT NULL,
  `code` text NOT NULL,
  `capacity` int(11) NOT NULL,
  `topthreshold` int(11) NOT NULL,
  `bottomthreshold` int(11) NOT NULL
) ENGINE=InnoDB DEFAULT CHARSET=utf8;

--
-- Dumping data for table `batteries`
--

INSERT INTO `batteries` (`id`, `userid`, `name`, `code`, `capacity`, `topthreshold`, `bottomthreshold`) VALUES
(1, 2, 'My Battery', 'qwe123asd', 100, 100, 50);

-- --------------------------------------------------------

--
-- Table structure for table `battery_acts`
--

CREATE TABLE `battery_acts` (
  `batteryid` int(11) NOT NULL,
  `date` date NOT NULL,
  `time` int(11) NOT NULL,
  `status` int(11) NOT NULL COMMENT '1 = use, 2 = charge',
  `amount` double NOT NULL
) ENGINE=InnoDB DEFAULT CHARSET=utf8;

--
-- Dumping data for table `battery_acts`
--

INSERT INTO `battery_acts` (`batteryid`, `date`, `time`, `status`, `amount`) VALUES
(1, '2018-05-14', 0, 1, 0.831),
(1, '2018-05-14', 1, 1, 0.831),
(1, '2018-05-14', 2, 1, 0.831),
(1, '2018-05-14', 3, 1, 0.831),
(1, '2018-05-14', 4, 1, 0.831),
(1, '2018-05-14', 5, 1, 0.831),
(1, '2018-05-14', 6, 1, 0.831),
(1, '2018-05-14', 7, 2, 1.377),
(1, '2018-05-14', 8, 2, 1.222),
(1, '2018-05-14', 9, 2, 1.377),
(1, '2018-05-14', 10, 2, 1.178),
(1, '2018-05-14', 11, 2, 1.289),
(1, '2018-05-14', 12, 2, 0.935),
(1, '2018-05-14', 13, 2, 1.377),
(1, '2018-05-14', 14, 2, 1.333),
(1, '2018-05-14', 15, 2, 1.222),
(1, '2018-05-14', 16, 2, 0.538),
(1, '2018-05-14', 17, 2, 1.112),
(1, '2018-05-14', 18, 1, 0.831),
(1, '2018-05-14', 19, 1, 0.831),
(1, '2018-05-14', 20, 1, 0.831),
(1, '2018-05-14', 21, 1, 0.831),
(1, '2018-05-14', 22, 1, 0.831),
(1, '2018-05-14', 23, 1, 0.831),
(1, '2018-05-15', 0, 1, 0.831),
(1, '2018-05-15', 1, 1, 0.831),
(1, '2018-05-15', 2, 1, 0.831),
(1, '2018-05-15', 3, 1, 0.831),
(1, '2018-05-15', 4, 1, 0.831),
(1, '2018-05-15', 5, 1, 0.831),
(1, '2018-05-15', 6, 1, 0.831),
(1, '2018-05-15', 7, 2, 1.377),
(1, '2018-05-15', 8, 2, 0.935),
(1, '2018-05-15', 9, 2, 0.935),
(1, '2018-05-15', 10, 2, 0.98),
(1, '2018-05-15', 11, 2, 1.377),
(1, '2018-05-15', 12, 2, 1.377),
(1, '2018-05-15', 13, 2, 1.377),
(1, '2018-05-15', 14, 2, 1.377),
(1, '2018-05-15', 15, 2, 1.377),
(1, '2018-05-15', 16, 2, 1.377),
(1, '2018-05-15', 17, 2, 0.825),
(1, '2018-05-15', 18, 1, 0.831),
(1, '2018-05-15', 19, 1, 0.831),
(1, '2018-05-15', 20, 1, 0.831),
(1, '2018-05-15', 21, 1, 0.831),
(1, '2018-05-15', 22, 1, 0.831),
(1, '2018-05-15', 23, 1, 0.831),
(1, '2018-05-16', 0, 1, 0.831),
(1, '2018-05-16', 1, 1, 0.831),
(1, '2018-05-16', 2, 1, 0.831),
(1, '2018-05-16', 3, 1, 0.831),
(1, '2018-05-16', 4, 1, 0.831),
(1, '2018-05-16', 5, 1, 0.831),
(1, '2018-05-16', 6, 1, 0.831),
(1, '2018-05-16', 7, 2, 0.693),
(1, '2018-05-16', 8, 2, 1.245),
(1, '2018-05-16', 9, 2, 0.626),
(1, '2018-05-16', 10, 2, 1.377),
(1, '2018-05-16', 11, 2, 0.737),
(1, '2018-05-16', 12, 2, 1.377),
(1, '2018-05-16', 13, 2, 1.289),
(1, '2018-05-16', 14, 2, 1.377),
(1, '2018-05-16', 15, 2, 1.377),
(1, '2018-05-16', 16, 2, 1.377),
(1, '2018-05-16', 17, 2, 1.377),
(1, '2018-05-16', 18, 1, 0.831),
(1, '2018-05-16', 19, 1, 0.831),
(1, '2018-05-16', 20, 1, 0.831),
(1, '2018-05-16', 21, 1, 0.831),
(1, '2018-05-16', 22, 1, 0.831),
(1, '2018-05-16', 23, 1, 0.831);

-- --------------------------------------------------------

--
-- Table structure for table `battery_sums`
--

CREATE TABLE `battery_sums` (
  `batteryid` int(11) NOT NULL,
  `date` date NOT NULL,
  `status` int(11) NOT NULL COMMENT '1 = buy, 2 = discharge',
  `amount` double NOT NULL
) ENGINE=InnoDB DEFAULT CHARSET=utf8;

--
-- Dumping data for table `battery_sums`
--

INSERT INTO `battery_sums` (`batteryid`, `date`, `status`, `amount`) VALUES
(1, '2018-05-14', 2, 2.157),
(1, '2018-05-15', 2, 2.511),
(1, '2018-05-16', 2, 2.049);

-- --------------------------------------------------------

--
-- Table structure for table `locations`
--

CREATE TABLE `locations` (
  `id` int(11) NOT NULL,
  `name` text NOT NULL
) ENGINE=InnoDB DEFAULT CHARSET=utf8;

--
-- Dumping data for table `locations`
--

INSERT INTO `locations` (`id`, `name`) VALUES
(1, 'Eastwood'),
(2, 'Haymarket'),
(3, 'Redfern'),
(4, 'Strathfield'),
(5, 'Wynyard');

-- --------------------------------------------------------

--
-- Table structure for table `location_weathers`
--

CREATE TABLE `location_weathers` (
  `locationid` int(11) NOT NULL,
  `today` text NOT NULL,
  `tomorrow` text NOT NULL
) ENGINE=InnoDB DEFAULT CHARSET=utf8;

--
-- Dumping data for table `location_weathers`
--

INSERT INTO `location_weathers` (`locationid`, `today`, `tomorrow`) VALUES
(1, 'Sunny', 'Clear'),
(2, 'Shower', 'Rain'),
(3, 'Cloudy', 'Rain'),
(4, 'Sunny', 'Cloudy'),
(5, 'Clear', 'Shower');

-- --------------------------------------------------------

--
-- Table structure for table `nodes`
--

CREATE TABLE `nodes` (
  `id` int(11) NOT NULL,
  `userid` int(11) NOT NULL,
  `name` text NOT NULL,
  `code` text NOT NULL,
  `status` tinyint(1) NOT NULL COMMENT '0 = off, 1 = on'
) ENGINE=InnoDB DEFAULT CHARSET=utf8;

--
-- Dumping data for table `nodes`
--

INSERT INTO `nodes` (`id`, `userid`, `name`, `code`, `status`) VALUES
(1, 2, 'Fridge', '123123123', 1),
(2, 2, 'Computer', '321321321', 1),
(3, 2, 'Standing Lamp', '456456456', 1),
(4, 2, 'Electric Blanket', '654654654', 0),
(5, 2, 'TV', '789789789', 0),
(6, 2, 'Playstation', '987987987', 1);

-- --------------------------------------------------------

--
-- Table structure for table `node_schedules`
--

CREATE TABLE `node_schedules` (
  `id` int(11) NOT NULL,
  `nodeid` int(11) NOT NULL,
  `day` int(11) NOT NULL,
  `status` tinyint(1) NOT NULL COMMENT '0 = off, 1 = on',
  `start` int(11) NOT NULL,
  `end` int(11) NOT NULL
) ENGINE=InnoDB DEFAULT CHARSET=utf8;

--
-- Dumping data for table `node_schedules`
--

INSERT INTO `node_schedules` (`id`, `nodeid`, `day`, `status`, `start`, `end`) VALUES
(1, 2, 0, 1, 17, 23),
(2, 3, 0, 1, 17, 22),
(3, 4, 0, 1, 1, 6),
(4, 5, 0, 1, 15, 17),
(5, 6, 0, 0, 3, 16),
(6, 6, 0, 1, 17, 23);

-- --------------------------------------------------------

--
-- Table structure for table `node_usages`
--

CREATE TABLE `node_usages` (
  `nodeid` int(11) NOT NULL,
  `date` date NOT NULL,
  `time` int(11) NOT NULL,
  `amount` double NOT NULL
) ENGINE=InnoDB DEFAULT CHARSET=utf8;

--
-- Dumping data for table `node_usages`
--

INSERT INTO `node_usages` (`nodeid`, `date`, `time`, `amount`) VALUES
(1, '2018-05-14', 0, 0.25),
(1, '2018-05-14', 1, 0.25),
(1, '2018-05-14', 2, 0.25),
(1, '2018-05-14', 3, 0.25),
(1, '2018-05-14', 4, 0.25),
(1, '2018-05-14', 5, 0.25),
(1, '2018-05-14', 6, 0.25),
(1, '2018-05-14', 7, 0.25),
(1, '2018-05-14', 8, 0.25),
(1, '2018-05-14', 9, 0.25),
(1, '2018-05-14', 10, 0.25),
(1, '2018-05-14', 11, 0.25),
(1, '2018-05-14', 12, 0.25),
(1, '2018-05-14', 13, 0.25),
(1, '2018-05-14', 14, 0.25),
(1, '2018-05-14', 15, 0.25),
(1, '2018-05-14', 16, 0.25),
(1, '2018-05-14', 17, 0.25),
(1, '2018-05-14', 18, 0.25),
(1, '2018-05-14', 19, 0.25),
(1, '2018-05-14', 20, 0.25),
(1, '2018-05-14', 21, 0.25),
(1, '2018-05-14', 22, 0.25),
(1, '2018-05-14', 23, 0.25),
(1, '2018-05-15', 0, 0.25),
(1, '2018-05-15', 1, 0.25),
(1, '2018-05-15', 2, 0.25),
(1, '2018-05-15', 3, 0.25),
(1, '2018-05-15', 4, 0.25),
(1, '2018-05-15', 5, 0.25),
(1, '2018-05-15', 6, 0.25),
(1, '2018-05-15', 7, 0.25),
(1, '2018-05-15', 8, 0.25),
(1, '2018-05-15', 9, 0.25),
(1, '2018-05-15', 10, 0.25),
(1, '2018-05-15', 11, 0.25),
(1, '2018-05-15', 12, 0.25),
(1, '2018-05-15', 13, 0.25),
(1, '2018-05-15', 14, 0.25),
(1, '2018-05-15', 15, 0.25),
(1, '2018-05-15', 16, 0.25),
(1, '2018-05-15', 17, 0.25),
(1, '2018-05-15', 18, 0.25),
(1, '2018-05-15', 19, 0.25),
(1, '2018-05-15', 20, 0.25),
(1, '2018-05-15', 21, 0.25),
(1, '2018-05-15', 22, 0.25),
(1, '2018-05-15', 23, 0.25),
(1, '2018-05-16', 0, 0.25),
(1, '2018-05-16', 1, 0.25),
(1, '2018-05-16', 2, 0.25),
(1, '2018-05-16', 3, 0.25),
(1, '2018-05-16', 4, 0.25),
(1, '2018-05-16', 5, 0.25),
(1, '2018-05-16', 6, 0.25),
(1, '2018-05-16', 7, 0.25),
(1, '2018-05-16', 8, 0.25),
(1, '2018-05-16', 9, 0.25),
(1, '2018-05-16', 10, 0.25),
(1, '2018-05-16', 11, 0.25),
(1, '2018-05-16', 12, 0.25),
(1, '2018-05-16', 13, 0.25),
(1, '2018-05-16', 14, 0.25),
(1, '2018-05-16', 15, 0.25),
(1, '2018-05-16', 16, 0.25),
(1, '2018-05-16', 17, 0.25),
(1, '2018-05-16', 18, 0.25),
(1, '2018-05-16', 19, 0.25),
(1, '2018-05-16', 20, 0.25),
(1, '2018-05-16', 21, 0.25),
(1, '2018-05-16', 22, 0.25),
(1, '2018-05-16', 23, 0.25),
(2, '2018-05-14', 0, 0.15),
(2, '2018-05-14', 1, 0.15),
(2, '2018-05-14', 2, 0.15),
(2, '2018-05-14', 3, 0.15),
(2, '2018-05-14', 4, 0.15),
(2, '2018-05-14', 5, 0.15),
(2, '2018-05-14', 6, 0.15),
(2, '2018-05-14', 7, 0.15),
(2, '2018-05-14', 8, 0.15),
(2, '2018-05-14', 9, 0.15),
(2, '2018-05-14', 10, 0.15),
(2, '2018-05-14', 11, 0.15),
(2, '2018-05-14', 12, 0.15),
(2, '2018-05-14', 13, 0.15),
(2, '2018-05-14', 14, 0.15),
(2, '2018-05-14', 15, 0.15),
(2, '2018-05-14', 16, 0.15),
(2, '2018-05-14', 17, 0.15),
(2, '2018-05-14', 18, 0.15),
(2, '2018-05-14', 19, 0.15),
(2, '2018-05-14', 20, 0.15),
(2, '2018-05-14', 21, 0.15),
(2, '2018-05-14', 22, 0.15),
(2, '2018-05-14', 23, 0.15),
(2, '2018-05-15', 0, 0.15),
(2, '2018-05-15', 1, 0.15),
(2, '2018-05-15', 2, 0.15),
(2, '2018-05-15', 3, 0.15),
(2, '2018-05-15', 4, 0.15),
(2, '2018-05-15', 5, 0.15),
(2, '2018-05-15', 6, 0.15),
(2, '2018-05-15', 7, 0.15),
(2, '2018-05-15', 8, 0.15),
(2, '2018-05-15', 9, 0.15),
(2, '2018-05-15', 10, 0.15),
(2, '2018-05-15', 11, 0.15),
(2, '2018-05-15', 12, 0.15),
(2, '2018-05-15', 13, 0.15),
(2, '2018-05-15', 14, 0.15),
(2, '2018-05-15', 15, 0.15),
(2, '2018-05-15', 16, 0.15),
(2, '2018-05-15', 17, 0.15),
(2, '2018-05-15', 18, 0.15),
(2, '2018-05-15', 19, 0.15),
(2, '2018-05-15', 20, 0.15),
(2, '2018-05-15', 21, 0.15),
(2, '2018-05-15', 22, 0.15),
(2, '2018-05-15', 23, 0.15),
(2, '2018-05-16', 0, 0.15),
(2, '2018-05-16', 1, 0.15),
(2, '2018-05-16', 2, 0.15),
(2, '2018-05-16', 3, 0.15),
(2, '2018-05-16', 4, 0.15),
(2, '2018-05-16', 5, 0.15),
(2, '2018-05-16', 6, 0.15),
(2, '2018-05-16', 7, 0.15),
(2, '2018-05-16', 8, 0.15),
(2, '2018-05-16', 9, 0.15),
(2, '2018-05-16', 10, 0.15),
(2, '2018-05-16', 11, 0.15),
(2, '2018-05-16', 12, 0.15),
(2, '2018-05-16', 13, 0.15),
(2, '2018-05-16', 14, 0.15),
(2, '2018-05-16', 15, 0.15),
(2, '2018-05-16', 16, 0.15),
(2, '2018-05-16', 17, 0.15),
(2, '2018-05-16', 18, 0.15),
(2, '2018-05-16', 19, 0.15),
(2, '2018-05-16', 20, 0.15),
(2, '2018-05-16', 21, 0.15),
(2, '2018-05-16', 22, 0.15),
(2, '2018-05-16', 23, 0.15),
(3, '2018-05-14', 0, 0.014),
(3, '2018-05-14', 1, 0.014),
(3, '2018-05-14', 2, 0.014),
(3, '2018-05-14', 3, 0.014),
(3, '2018-05-14', 4, 0.014),
(3, '2018-05-14', 5, 0.014),
(3, '2018-05-14', 6, 0.014),
(3, '2018-05-14', 7, 0.014),
(3, '2018-05-14', 8, 0.014),
(3, '2018-05-14', 9, 0.014),
(3, '2018-05-14', 10, 0.014),
(3, '2018-05-14', 11, 0.014),
(3, '2018-05-14', 12, 0.014),
(3, '2018-05-14', 13, 0.014),
(3, '2018-05-14', 14, 0.014),
(3, '2018-05-14', 15, 0.014),
(3, '2018-05-14', 16, 0.014),
(3, '2018-05-14', 17, 0.014),
(3, '2018-05-14', 18, 0.014),
(3, '2018-05-14', 19, 0.014),
(3, '2018-05-14', 20, 0.014),
(3, '2018-05-14', 21, 0.014),
(3, '2018-05-14', 22, 0.014),
(3, '2018-05-14', 23, 0.014),
(3, '2018-05-15', 0, 0.014),
(3, '2018-05-15', 1, 0.014),
(3, '2018-05-15', 2, 0.014),
(3, '2018-05-15', 3, 0.014),
(3, '2018-05-15', 4, 0.014),
(3, '2018-05-15', 5, 0.014),
(3, '2018-05-15', 6, 0.014),
(3, '2018-05-15', 7, 0.014),
(3, '2018-05-15', 8, 0.014),
(3, '2018-05-15', 9, 0.014),
(3, '2018-05-15', 10, 0.014),
(3, '2018-05-15', 11, 0.014),
(3, '2018-05-15', 12, 0.014),
(3, '2018-05-15', 13, 0.014),
(3, '2018-05-15', 14, 0.014),
(3, '2018-05-15', 15, 0.014),
(3, '2018-05-15', 16, 0.014),
(3, '2018-05-15', 17, 0.014),
(3, '2018-05-15', 18, 0.014),
(3, '2018-05-15', 19, 0.014),
(3, '2018-05-15', 20, 0.014),
(3, '2018-05-15', 21, 0.014),
(3, '2018-05-15', 22, 0.014),
(3, '2018-05-15', 23, 0.014),
(3, '2018-05-16', 0, 0.014),
(3, '2018-05-16', 1, 0.014),
(3, '2018-05-16', 2, 0.014),
(3, '2018-05-16', 3, 0.014),
(3, '2018-05-16', 4, 0.014),
(3, '2018-05-16', 5, 0.014),
(3, '2018-05-16', 6, 0.014),
(3, '2018-05-16', 7, 0.014),
(3, '2018-05-16', 8, 0.014),
(3, '2018-05-16', 9, 0.014),
(3, '2018-05-16', 10, 0.014),
(3, '2018-05-16', 11, 0.014),
(3, '2018-05-16', 12, 0.014),
(3, '2018-05-16', 13, 0.014),
(3, '2018-05-16', 14, 0.014),
(3, '2018-05-16', 15, 0.014),
(3, '2018-05-16', 16, 0.014),
(3, '2018-05-16', 17, 0.014),
(3, '2018-05-16', 18, 0.014),
(3, '2018-05-16', 19, 0.014),
(3, '2018-05-16', 20, 0.014),
(3, '2018-05-16', 21, 0.014),
(3, '2018-05-16', 22, 0.014),
(3, '2018-05-16', 23, 0.014),
(4, '2018-05-14', 0, 0.034),
(4, '2018-05-14', 1, 0.034),
(4, '2018-05-14', 2, 0.034),
(4, '2018-05-14', 3, 0.034),
(4, '2018-05-14', 4, 0.034),
(4, '2018-05-14', 5, 0.034),
(4, '2018-05-14', 6, 0.034),
(4, '2018-05-14', 7, 0.034),
(4, '2018-05-14', 8, 0.034),
(4, '2018-05-14', 9, 0.034),
(4, '2018-05-14', 10, 0.034),
(4, '2018-05-14', 11, 0.034),
(4, '2018-05-14', 12, 0.034),
(4, '2018-05-14', 13, 0.034),
(4, '2018-05-14', 14, 0.034),
(4, '2018-05-14', 15, 0.034),
(4, '2018-05-14', 16, 0.034),
(4, '2018-05-14', 17, 0.034),
(4, '2018-05-14', 18, 0.034),
(4, '2018-05-14', 19, 0.034),
(4, '2018-05-14', 20, 0.034),
(4, '2018-05-14', 21, 0.034),
(4, '2018-05-14', 22, 0.034),
(4, '2018-05-14', 23, 0.034),
(4, '2018-05-15', 0, 0.034),
(4, '2018-05-15', 1, 0.034),
(4, '2018-05-15', 2, 0.034),
(4, '2018-05-15', 3, 0.034),
(4, '2018-05-15', 4, 0.034),
(4, '2018-05-15', 5, 0.034),
(4, '2018-05-15', 6, 0.034),
(4, '2018-05-15', 7, 0.034),
(4, '2018-05-15', 8, 0.034),
(4, '2018-05-15', 9, 0.034),
(4, '2018-05-15', 10, 0.034),
(4, '2018-05-15', 11, 0.034),
(4, '2018-05-15', 12, 0.034),
(4, '2018-05-15', 13, 0.034),
(4, '2018-05-15', 14, 0.034),
(4, '2018-05-15', 15, 0.034),
(4, '2018-05-15', 16, 0.034),
(4, '2018-05-15', 17, 0.034),
(4, '2018-05-15', 18, 0.034),
(4, '2018-05-15', 19, 0.034),
(4, '2018-05-15', 20, 0.034),
(4, '2018-05-15', 21, 0.034),
(4, '2018-05-15', 22, 0.034),
(4, '2018-05-15', 23, 0.034),
(4, '2018-05-16', 0, 0.034),
(4, '2018-05-16', 1, 0.034),
(4, '2018-05-16', 2, 0.034),
(4, '2018-05-16', 3, 0.034),
(4, '2018-05-16', 4, 0.034),
(4, '2018-05-16', 5, 0.034),
(4, '2018-05-16', 6, 0.034),
(4, '2018-05-16', 7, 0.034),
(4, '2018-05-16', 8, 0.034),
(4, '2018-05-16', 9, 0.034),
(4, '2018-05-16', 10, 0.034),
(4, '2018-05-16', 11, 0.034),
(4, '2018-05-16', 12, 0.034),
(4, '2018-05-16', 13, 0.034),
(4, '2018-05-16', 14, 0.034),
(4, '2018-05-16', 15, 0.034),
(4, '2018-05-16', 16, 0.034),
(4, '2018-05-16', 17, 0.034),
(4, '2018-05-16', 18, 0.034),
(4, '2018-05-16', 19, 0.034),
(4, '2018-05-16', 20, 0.034),
(4, '2018-05-16', 21, 0.034),
(4, '2018-05-16', 22, 0.034),
(4, '2018-05-16', 23, 0.034),
(5, '2018-05-14', 0, 0.243),
(5, '2018-05-14', 1, 0.243),
(5, '2018-05-14', 2, 0.243),
(5, '2018-05-14', 3, 0.243),
(5, '2018-05-14', 4, 0.243),
(5, '2018-05-14', 5, 0.243),
(5, '2018-05-14', 6, 0.243),
(5, '2018-05-14', 7, 0.243),
(5, '2018-05-14', 8, 0.243),
(5, '2018-05-14', 9, 0.243),
(5, '2018-05-14', 10, 0.243),
(5, '2018-05-14', 11, 0.243),
(5, '2018-05-14', 12, 0.243),
(5, '2018-05-14', 13, 0.243),
(5, '2018-05-14', 14, 0.243),
(5, '2018-05-14', 15, 0.243),
(5, '2018-05-14', 16, 0.243),
(5, '2018-05-14', 17, 0.243),
(5, '2018-05-14', 18, 0.243),
(5, '2018-05-14', 19, 0.243),
(5, '2018-05-14', 20, 0.243),
(5, '2018-05-14', 21, 0.243),
(5, '2018-05-14', 22, 0.243),
(5, '2018-05-14', 23, 0.243),
(5, '2018-05-15', 0, 0.243),
(5, '2018-05-15', 1, 0.243),
(5, '2018-05-15', 2, 0.243),
(5, '2018-05-15', 3, 0.243),
(5, '2018-05-15', 4, 0.243),
(5, '2018-05-15', 5, 0.243),
(5, '2018-05-15', 6, 0.243),
(5, '2018-05-15', 7, 0.243),
(5, '2018-05-15', 8, 0.243),
(5, '2018-05-15', 9, 0.243),
(5, '2018-05-15', 10, 0.243),
(5, '2018-05-15', 11, 0.243),
(5, '2018-05-15', 12, 0.243),
(5, '2018-05-15', 13, 0.243),
(5, '2018-05-15', 14, 0.243),
(5, '2018-05-15', 15, 0.243),
(5, '2018-05-15', 16, 0.243),
(5, '2018-05-15', 17, 0.243),
(5, '2018-05-15', 18, 0.243),
(5, '2018-05-15', 19, 0.243),
(5, '2018-05-15', 20, 0.243),
(5, '2018-05-15', 21, 0.243),
(5, '2018-05-15', 22, 0.243),
(5, '2018-05-15', 23, 0.243),
(5, '2018-05-16', 0, 0.243),
(5, '2018-05-16', 1, 0.243),
(5, '2018-05-16', 2, 0.243),
(5, '2018-05-16', 3, 0.243),
(5, '2018-05-16', 4, 0.243),
(5, '2018-05-16', 5, 0.243),
(5, '2018-05-16', 6, 0.243),
(5, '2018-05-16', 7, 0.243),
(5, '2018-05-16', 8, 0.243),
(5, '2018-05-16', 9, 0.243),
(5, '2018-05-16', 10, 0.243),
(5, '2018-05-16', 11, 0.243),
(5, '2018-05-16', 12, 0.243),
(5, '2018-05-16', 13, 0.243),
(5, '2018-05-16', 14, 0.243),
(5, '2018-05-16', 15, 0.243),
(5, '2018-05-16', 16, 0.243),
(5, '2018-05-16', 17, 0.243),
(5, '2018-05-16', 18, 0.243),
(5, '2018-05-16', 19, 0.243),
(5, '2018-05-16', 20, 0.243),
(5, '2018-05-16', 21, 0.243),
(5, '2018-05-16', 22, 0.243),
(5, '2018-05-16', 23, 0.243),
(6, '2018-05-14', 0, 0.14),
(6, '2018-05-14', 1, 0.14),
(6, '2018-05-14', 2, 0.14),
(6, '2018-05-14', 3, 0.14),
(6, '2018-05-14', 4, 0.14),
(6, '2018-05-14', 5, 0.14),
(6, '2018-05-14', 6, 0.14),
(6, '2018-05-14', 7, 0.14),
(6, '2018-05-14', 8, 0.14),
(6, '2018-05-14', 9, 0.14),
(6, '2018-05-14', 10, 0.14),
(6, '2018-05-14', 11, 0.14),
(6, '2018-05-14', 12, 0.14),
(6, '2018-05-14', 13, 0.14),
(6, '2018-05-14', 14, 0.14),
(6, '2018-05-14', 15, 0.14),
(6, '2018-05-14', 16, 0.14),
(6, '2018-05-14', 17, 0.14),
(6, '2018-05-14', 18, 0.14),
(6, '2018-05-14', 19, 0.14),
(6, '2018-05-14', 20, 0.14),
(6, '2018-05-14', 21, 0.14),
(6, '2018-05-14', 22, 0.14),
(6, '2018-05-14', 23, 0.14),
(6, '2018-05-15', 0, 0.14),
(6, '2018-05-15', 1, 0.14),
(6, '2018-05-15', 2, 0.14),
(6, '2018-05-15', 3, 0.14),
(6, '2018-05-15', 4, 0.14),
(6, '2018-05-15', 5, 0.14),
(6, '2018-05-15', 6, 0.14),
(6, '2018-05-15', 7, 0.14),
(6, '2018-05-15', 8, 0.14),
(6, '2018-05-15', 9, 0.14),
(6, '2018-05-15', 10, 0.14),
(6, '2018-05-15', 11, 0.14),
(6, '2018-05-15', 12, 0.14),
(6, '2018-05-15', 13, 0.14),
(6, '2018-05-15', 14, 0.14),
(6, '2018-05-15', 15, 0.14),
(6, '2018-05-15', 16, 0.14),
(6, '2018-05-15', 17, 0.14),
(6, '2018-05-15', 18, 0.14),
(6, '2018-05-15', 19, 0.14),
(6, '2018-05-15', 20, 0.14),
(6, '2018-05-15', 21, 0.14),
(6, '2018-05-15', 22, 0.14),
(6, '2018-05-15', 23, 0.14),
(6, '2018-05-16', 0, 0.14),
(6, '2018-05-16', 1, 0.14),
(6, '2018-05-16', 2, 0.14),
(6, '2018-05-16', 3, 0.14),
(6, '2018-05-16', 4, 0.14),
(6, '2018-05-16', 5, 0.14),
(6, '2018-05-16', 6, 0.14),
(6, '2018-05-16', 7, 0.14),
(6, '2018-05-16', 8, 0.14),
(6, '2018-05-16', 9, 0.14),
(6, '2018-05-16', 10, 0.14),
(6, '2018-05-16', 11, 0.14),
(6, '2018-05-16', 12, 0.14),
(6, '2018-05-16', 13, 0.14),
(6, '2018-05-16', 14, 0.14),
(6, '2018-05-16', 15, 0.14),
(6, '2018-05-16', 16, 0.14),
(6, '2018-05-16', 17, 0.14),
(6, '2018-05-16', 18, 0.14),
(6, '2018-05-16', 19, 0.14),
(6, '2018-05-16', 20, 0.14),
(6, '2018-05-16', 21, 0.14),
(6, '2018-05-16', 22, 0.14),
(6, '2018-05-16', 23, 0.14);

-- --------------------------------------------------------

--
-- Table structure for table `providers`
--

CREATE TABLE `providers` (
  `id` int(11) NOT NULL,
  `name` text NOT NULL
) ENGINE=InnoDB DEFAULT CHARSET=utf8;

--
-- Dumping data for table `providers`
--

INSERT INTO `providers` (`id`, `name`) VALUES
(1, 'AGL'),
(2, 'Origin Energy'),
(3, 'Red Energy');

-- --------------------------------------------------------

--
-- Table structure for table `provider_price`
--

CREATE TABLE `provider_price` (
  `providerid` int(11) NOT NULL,
  `peak` double NOT NULL,
  `shoulder` double NOT NULL,
  `offpeak` double NOT NULL
) ENGINE=InnoDB DEFAULT CHARSET=utf8;

--
-- Dumping data for table `provider_price`
--

INSERT INTO `provider_price` (`providerid`, `peak`, `shoulder`, `offpeak`) VALUES
(1, 54, 23, 15),
(2, 53.01, 23.79, 14.42),
(3, 54.57, 24.69, 16.43);

-- --------------------------------------------------------

--
-- Table structure for table `solars`
--

CREATE TABLE `solars` (
  `id` int(11) NOT NULL,
  `userid` int(11) NOT NULL,
  `name` text NOT NULL,
  `area` double NOT NULL,
  `quantity` int(11) NOT NULL,
  `power` double NOT NULL
) ENGINE=InnoDB DEFAULT CHARSET=utf8;

--
-- Dumping data for table `solars`
--

INSERT INTO `solars` (`id`, `userid`, `name`, `area`, `quantity`, `power`) VALUES
(1, 2, 'My Solar Panel', 30.25, 100, 10);

-- --------------------------------------------------------

--
-- Table structure for table `solar_productions`
--

CREATE TABLE `solar_productions` (
  `solarid` int(11) NOT NULL,
  `date` date NOT NULL,
  `time` int(11) NOT NULL,
  `amount` double NOT NULL
) ENGINE=InnoDB DEFAULT CHARSET=utf8;

--
-- Dumping data for table `solar_productions`
--

INSERT INTO `solar_productions` (`solarid`, `date`, `time`, `amount`) VALUES
(1, '2018-05-14', 7, 2.208),
(1, '2018-05-14', 8, 2.05344),
(1, '2018-05-14', 9, 2.208),
(1, '2018-05-14', 10, 2.00928),
(1, '2018-05-14', 11, 2.11968),
(1, '2018-05-14', 12, 1.7664),
(1, '2018-05-14', 13, 2.208),
(1, '2018-05-14', 14, 2.16384),
(1, '2018-05-14', 15, 2.05344),
(1, '2018-05-14', 16, 1.36896),
(1, '2018-05-14', 17, 1.94304),
(1, '2018-05-15', 7, 2.208),
(1, '2018-05-15', 8, 1.7664),
(1, '2018-05-15', 9, 1.7664),
(1, '2018-05-15', 10, 1.81056),
(1, '2018-05-15', 11, 2.208),
(1, '2018-05-15', 12, 2.208),
(1, '2018-05-15', 13, 2.208),
(1, '2018-05-15', 14, 2.208),
(1, '2018-05-15', 15, 2.208),
(1, '2018-05-15', 16, 2.208),
(1, '2018-05-15', 17, 1.656),
(1, '2018-05-16', 7, 1.52352),
(1, '2018-05-16', 8, 2.07552),
(1, '2018-05-16', 9, 1.45728),
(1, '2018-05-16', 10, 2.208),
(1, '2018-05-16', 11, 1.56768),
(1, '2018-05-16', 12, 2.208),
(1, '2018-05-16', 13, 2.11968),
(1, '2018-05-16', 14, 2.208),
(1, '2018-05-16', 15, 2.208),
(1, '2018-05-16', 16, 2.208),
(1, '2018-05-16', 17, 2.208);

-- --------------------------------------------------------

--
-- Table structure for table `users`
--

CREATE TABLE `users` (
  `id` int(11) NOT NULL,
  `username` text NOT NULL,
  `password` text NOT NULL,
  `email` text NOT NULL,
  `fullname` text NOT NULL,
  `locationid` int(11) NOT NULL,
  `providerid` int(11) NOT NULL,
  `providercode` text NOT NULL,
  `type` int(11) NOT NULL DEFAULT '0' COMMENT '0 = user, 1 = admin'
) ENGINE=InnoDB DEFAULT CHARSET=utf8;

--
-- Dumping data for table `users`
--

INSERT INTO `users` (`id`, `username`, `password`, `email`, `fullname`, `locationid`, `providerid`, `providercode`, `type`) VALUES
(1, 'admin', 'admin', 'admin@admin.com', 'administrator', 2, 1, 'qweasdzxc', 1),
(2, 'user1', 'user1', 'user1@user.com', 'testuser1', 4, 2, 'asdasdasd', 0);

--
-- Indexes for dumped tables
--

--
-- Indexes for table `batteries`
--
ALTER TABLE `batteries`
  ADD PRIMARY KEY (`id`);

--
-- Indexes for table `battery_acts`
--
ALTER TABLE `battery_acts`
  ADD UNIQUE KEY `batteryid` (`batteryid`,`date`,`time`);

--
-- Indexes for table `battery_sums`
--
ALTER TABLE `battery_sums`
  ADD UNIQUE KEY `batteryid` (`batteryid`,`date`);

--
-- Indexes for table `locations`
--
ALTER TABLE `locations`
  ADD PRIMARY KEY (`id`);

--
-- Indexes for table `location_weathers`
--
ALTER TABLE `location_weathers`
  ADD PRIMARY KEY (`locationid`);

--
-- Indexes for table `nodes`
--
ALTER TABLE `nodes`
  ADD PRIMARY KEY (`id`);

--
-- Indexes for table `node_schedules`
--
ALTER TABLE `node_schedules`
  ADD PRIMARY KEY (`id`);

--
-- Indexes for table `node_usages`
--
ALTER TABLE `node_usages`
  ADD UNIQUE KEY `nodeid` (`nodeid`,`date`,`time`);

--
-- Indexes for table `providers`
--
ALTER TABLE `providers`
  ADD PRIMARY KEY (`id`);

--
-- Indexes for table `provider_price`
--
ALTER TABLE `provider_price`
  ADD PRIMARY KEY (`providerid`);

--
-- Indexes for table `solars`
--
ALTER TABLE `solars`
  ADD PRIMARY KEY (`id`);

--
-- Indexes for table `solar_productions`
--
ALTER TABLE `solar_productions`
  ADD UNIQUE KEY `solarid` (`solarid`,`date`,`time`);

--
-- Indexes for table `users`
--
ALTER TABLE `users`
  ADD PRIMARY KEY (`id`);

--
-- AUTO_INCREMENT for dumped tables
--

--
-- AUTO_INCREMENT for table `batteries`
--
ALTER TABLE `batteries`
  MODIFY `id` int(11) NOT NULL AUTO_INCREMENT, AUTO_INCREMENT=2;

--
-- AUTO_INCREMENT for table `locations`
--
ALTER TABLE `locations`
  MODIFY `id` int(11) NOT NULL AUTO_INCREMENT, AUTO_INCREMENT=6;

--
-- AUTO_INCREMENT for table `nodes`
--
ALTER TABLE `nodes`
  MODIFY `id` int(11) NOT NULL AUTO_INCREMENT, AUTO_INCREMENT=7;

--
-- AUTO_INCREMENT for table `node_schedules`
--
ALTER TABLE `node_schedules`
  MODIFY `id` int(11) NOT NULL AUTO_INCREMENT, AUTO_INCREMENT=7;

--
-- AUTO_INCREMENT for table `providers`
--
ALTER TABLE `providers`
  MODIFY `id` int(11) NOT NULL AUTO_INCREMENT, AUTO_INCREMENT=4;

--
-- AUTO_INCREMENT for table `solars`
--
ALTER TABLE `solars`
  MODIFY `id` int(11) NOT NULL AUTO_INCREMENT, AUTO_INCREMENT=2;

--
-- AUTO_INCREMENT for table `users`
--
ALTER TABLE `users`
  MODIFY `id` int(11) NOT NULL AUTO_INCREMENT, AUTO_INCREMENT=3;
COMMIT;

/*!40101 SET CHARACTER_SET_CLIENT=@OLD_CHARACTER_SET_CLIENT */;
/*!40101 SET CHARACTER_SET_RESULTS=@OLD_CHARACTER_SET_RESULTS */;
/*!40101 SET COLLATION_CONNECTION=@OLD_COLLATION_CONNECTION */;
